observation_date,CAPUTLHITEK2S
1967-01-01,93.3473
1967-02-01,92.8867
1967-03-01,91.5057
1967-04-01,90.0693
1967-05-01,88.6896
1967-06-01,88.6338
1967-07-01,87.6347
1967-08-01,87.6268
1967-09-01,86.9589
1967-10-01,87.6069
1967-11-01,88.9939
1967-12-01,89.0089
1968-01-01,88.6733
1968-02-01,89.8830
1968-03-01,88.5182
1968-04-01,86.1787
1968-05-01,87.7623
1968-06-01,87.9858
1968-07-01,86.3096
1968-08-01,87.4609
1968-09-01,87.1474
1968-10-01,87.0384
1968-11-01,86.8135
1968-12-01,86.5528
1969-01-01,87.5057
1969-02-01,86.9389
1969-03-01,88.1567
1969-04-01,88.7598
1969-05-01,89.0355
1969-06-01,89.4712
1969-07-01,90.0194
1969-08-01,90.8309
1969-09-01,90.9090
1969-10-01,91.4959
1969-11-01,90.5672
1969-12-01,89.7637
1970-01-01,89.3336
1970-02-01,87.3204
1970-03-01,86.8428
1970-04-01,87.5576
1970-05-01,85.7029
1970-06-01,84.0761
1970-07-01,84.3824
1970-08-01,81.3663
1970-09-01,79.7993
1970-10-01,77.4623
1970-11-01,75.6333
1970-12-01,75.6034
1971-01-01,73.9651
1971-02-01,73.1079
1971-03-01,72.9236
1971-04-01,72.2815
1971-05-01,72.1447
1971-06-01,72.6863
1971-07-01,73.6601
1971-08-01,73.3931
1971-09-01,74.1703
1971-10-01,74.6173
1971-11-01,75.2686
1971-12-01,76.4324
1972-01-01,79.8357
1972-02-01,79.1853
1972-03-01,78.4486
1972-04-01,78.1266
1972-05-01,77.9329
1972-06-01,76.8427
1972-07-01,77.4190
1972-08-01,77.1185
1972-09-01,77.1378
1972-10-01,77.9701
1972-11-01,78.2240
1972-12-01,79.2677
1973-01-01,79.1024
1973-02-01,79.8326
1973-03-01,79.3840
1973-04-01,79.4733
1973-05-01,79.9621
1973-06-01,82.3682
1973-07-01,79.7079
1973-08-01,82.3229
1973-09-01,81.7918
1973-10-01,83.5198
1973-11-01,84.4467
1973-12-01,84.4415
1974-01-01,85.0500
1974-02-01,85.4936
1974-03-01,85.2203
1974-04-01,83.7623
1974-05-01,83.3387
1974-06-01,83.0729
1974-07-01,82.1749
1974-08-01,75.7594
1974-09-01,79.7698
1974-10-01,79.0388
1974-11-01,75.4845
1974-12-01,73.1979
1975-01-01,70.6349
1975-02-01,66.9542
1975-03-01,65.6841
1975-04-01,64.2562
1975-05-01,63.3554
1975-06-01,62.2194
1975-07-01,63.0814
1975-08-01,62.9627
1975-09-01,63.6303
1975-10-01,63.7619
1975-11-01,63.2590
1975-12-01,65.0142
1976-01-01,64.9810
1976-02-01,64.6302
1976-03-01,65.3757
1976-04-01,66.2349
1976-05-01,67.7941
1976-06-01,67.7762
1976-07-01,68.8578
1976-08-01,69.4900
1976-09-01,71.2472
1976-10-01,71.8208
1976-11-01,72.0361
1976-12-01,72.6167
1977-01-01,71.1761
1977-02-01,73.4755
1977-03-01,72.9770
1977-04-01,74.3855
1977-05-01,75.0813
1977-06-01,76.6285
1977-07-01,76.1346
1977-08-01,77.3281
1977-09-01,77.4099
1977-10-01,77.4309
1977-11-01,77.7730
1977-12-01,77.8197
1978-01-01,76.5239
1978-02-01,76.8934
1978-03-01,78.4369
1978-04-01,77.8386
1978-05-01,77.9724
1978-06-01,78.6572
1978-07-01,78.5993
1978-08-01,78.8138
1978-09-01,78.6770
1978-10-01,79.2476
1978-11-01,80.2491
1978-12-01,80.0729
1979-01-01,80.8831
1979-02-01,81.3528
1979-03-01,81.2911
1979-04-01,79.1642
1979-05-01,80.3513
1979-06-01,81.9057
1979-07-01,82.2281
1979-08-01,83.1196
1979-09-01,83.4089
1979-10-01,84.5783
1979-11-01,86.4640
1979-12-01,87.4565
1980-01-01,88.5349
1980-02-01,89.0106
1980-03-01,89.0129
1980-04-01,89.1246
1980-05-01,88.5975
1980-06-01,87.0819
1980-07-01,86.5406
1980-08-01,87.0037
1980-09-01,86.6129
1980-10-01,87.0439
1980-11-01,86.9379
1980-12-01,87.7084
1981-01-01,87.6472
1981-02-01,87.0478
1981-03-01,86.4181
1981-04-01,87.2737
1981-05-01,86.7435
1981-06-01,86.1418
1981-07-01,85.5703
1981-08-01,86.0270
1981-09-01,85.7461
1981-10-01,84.9025
1981-11-01,83.0239
1981-12-01,82.5494
1982-01-01,79.7940
1982-02-01,82.6027
1982-03-01,81.2537
1982-04-01,80.3573
1982-05-01,79.9046
1982-06-01,79.6158
1982-07-01,79.8215
1982-08-01,77.0834
1982-09-01,77.1575
1982-10-01,75.9375
1982-11-01,75.7971
1982-12-01,76.2419
1983-01-01,77.3196
1983-02-01,76.8472
1983-03-01,78.0201
1983-04-01,79.0490
1983-05-01,79.7222
1983-06-01,80.1359
1983-07-01,82.7004
1983-08-01,80.6917
1983-09-01,84.5343
1983-10-01,84.9148
1983-11-01,85.2274
1983-12-01,85.1310
1984-01-01,86.5049
1984-02-01,87.4716
1984-03-01,87.8186
1984-04-01,88.3752
1984-05-01,88.6994
1984-06-01,88.9380
1984-07-01,89.0249
1984-08-01,89.0465
1984-09-01,87.9451
1984-10-01,87.9367
1984-11-01,87.3584
1984-12-01,85.9973
1985-01-01,86.0661
1985-02-01,83.7762
1985-03-01,82.5346
1985-04-01,79.3457
1985-05-01,78.7890
1985-06-01,78.2065
1985-07-01,75.5040
1985-08-01,74.8184
1985-09-01,73.1897
1985-10-01,72.7171
1985-11-01,73.0047
1985-12-01,72.7904
1986-01-01,72.3406
1986-02-01,72.0562
1986-03-01,72.2760
1986-04-01,72.3290
1986-05-01,72.4834
1986-06-01,69.8709
1986-07-01,73.6629
1986-08-01,74.0689
1986-09-01,74.5688
1986-10-01,74.4260
1986-11-01,74.6196
1986-12-01,75.8051
1987-01-01,76.4716
1987-02-01,76.9606
1987-03-01,75.9682
1987-04-01,76.4943
1987-05-01,76.7882
1987-06-01,77.2207
1987-07-01,77.7200
1987-08-01,78.3192
1987-09-01,78.9614
1987-10-01,79.2984
1987-11-01,78.9402
1987-12-01,79.6864
1988-01-01,78.5534
1988-02-01,78.3157
1988-03-01,78.7882
1988-04-01,79.4258
1988-05-01,79.7618
1988-06-01,80.3193
1988-07-01,80.6742
1988-08-01,80.9580
1988-09-01,80.9794
1988-10-01,81.2445
1988-11-01,80.8869
1988-12-01,80.7527
1989-01-01,80.2326
1989-02-01,79.3282
1989-03-01,78.3105
1989-04-01,78.4764
1989-05-01,77.5229
1989-06-01,77.3347
1989-07-01,77.7795
1989-08-01,78.3415
1989-09-01,77.6030
1989-10-01,78.2095
1989-11-01,78.0604
1989-12-01,77.6815
1990-01-01,78.4608
1990-02-01,77.9733
1990-03-01,78.0179
1990-04-01,77.2796
1990-05-01,77.4200
1990-06-01,77.3930
1990-07-01,76.9098
1990-08-01,76.5204
1990-09-01,76.5337
1990-10-01,76.6616
1990-11-01,76.4723
1990-12-01,76.0630
1991-01-01,75.9518
1991-02-01,76.7297
1991-03-01,77.1267
1991-04-01,77.4122
1991-05-01,78.1760
1991-06-01,78.4976
1991-07-01,78.6205
1991-08-01,78.9462
1991-09-01,78.4220
1991-10-01,78.1197
1991-11-01,78.1144
1991-12-01,79.2485
1992-01-01,79.9459
1992-02-01,79.3819
1992-03-01,79.5833
1992-04-01,80.0554
1992-05-01,79.9513
1992-06-01,80.3697
1992-07-01,80.1965
1992-08-01,79.4091
1992-09-01,79.6302
1992-10-01,80.9344
1992-11-01,81.4946
1992-12-01,80.8033
1993-01-01,80.1996
1993-02-01,80.4623
1993-03-01,80.6611
1993-04-01,80.7513
1993-05-01,80.6342
1993-06-01,80.4511
1993-07-01,79.9165
1993-08-01,79.9080
1993-09-01,80.4997
1993-10-01,81.0599
1993-11-01,81.4779
1993-12-01,81.2670
1994-01-01,80.8035
1994-02-01,79.8223
1994-03-01,81.1400
1994-04-01,82.6503
1994-05-01,83.4295
1994-06-01,83.0678
1994-07-01,82.9884
1994-08-01,83.6900
1994-09-01,84.6534
1994-10-01,85.8073
1994-11-01,86.1915
1994-12-01,86.2007
1995-01-01,84.8589
1995-02-01,83.8023
1995-03-01,84.7127
1995-04-01,84.8637
1995-05-01,85.6782
1995-06-01,85.6828
1995-07-01,84.4479
1995-08-01,85.3330
1995-09-01,86.1312
1995-10-01,86.1408
1995-11-01,85.1133
1995-12-01,85.2081
1996-01-01,84.9948
1996-02-01,85.5453
1996-03-01,84.2131
1996-04-01,82.6884
1996-05-01,81.9057
1996-06-01,81.3424
1996-07-01,81.4861
1996-08-01,81.5983
1996-09-01,81.3734
1996-10-01,81.4967
1996-11-01,80.7537
1996-12-01,80.4212
1997-01-01,79.9402
1997-02-01,81.2985
1997-03-01,82.0900
1997-04-01,82.8360
1997-05-01,83.9506
1997-06-01,84.4594
1997-07-01,84.6450
1997-08-01,85.2247
1997-09-01,85.7108
1997-10-01,85.1202
1997-11-01,84.9038
1997-12-01,84.1247
1998-01-01,83.4680
1998-02-01,81.5299
1998-03-01,79.6185
1998-04-01,78.5773
1998-05-01,76.7343
1998-06-01,76.4817
1998-07-01,76.8535
1998-08-01,77.4273
1998-09-01,78.3334
1998-10-01,79.0454
1998-11-01,79.5038
1998-12-01,80.4902
1999-01-01,81.6372
1999-02-01,83.1178
1999-03-01,84.0705
1999-04-01,85.5964
1999-05-01,85.9851
1999-06-01,86.6888
1999-07-01,88.5591
1999-08-01,86.9237
1999-09-01,85.4998
1999-10-01,85.2114
1999-11-01,85.7530
1999-12-01,86.1590
2000-01-01,87.1397
2000-02-01,87.8816
2000-03-01,88.6269
2000-04-01,89.2514
2000-05-01,90.2892
2000-06-01,89.6320
2000-07-01,90.2286
2000-08-01,89.2977
2000-09-01,88.5131
2000-10-01,87.1231
2000-11-01,86.6069
2000-12-01,85.8230
2001-01-01,83.3782
2001-02-01,80.5087
2001-03-01,78.5603
2001-04-01,75.2908
2001-05-01,72.5036
2001-06-01,69.4046
2001-07-01,65.6110
2001-08-01,63.7565
2001-09-01,62.4512
2001-10-01,61.5754
2001-11-01,59.7242
2001-12-01,59.9236
2002-01-01,58.3726
2002-02-01,58.9476
2002-03-01,58.6067
2002-04-01,58.3934
2002-05-01,57.8510
2002-06-01,57.8917
2002-07-01,57.7447
2002-08-01,58.0763
2002-09-01,58.0050
2002-10-01,57.6074
2002-11-01,57.7791
2002-12-01,57.7333
2003-01-01,58.1154
2003-02-01,59.4933
2003-03-01,59.9792
2003-04-01,60.8046
2003-05-01,62.0372
2003-06-01,63.6764
2003-07-01,65.5036
2003-08-01,66.5904
2003-09-01,67.7957
2003-10-01,69.2111
2003-11-01,70.2821
2003-12-01,70.6224
2004-01-01,71.7526
2004-02-01,72.2760
2004-03-01,72.2843
2004-04-01,71.6740
2004-05-01,71.6328
2004-06-01,71.2252
2004-07-01,70.7137
2004-08-01,70.6535
2004-09-01,70.7363
2004-10-01,70.6017
2004-11-01,70.2315
2004-12-01,70.4065
2005-01-01,71.2668
2005-02-01,71.8243
2005-03-01,71.5327
2005-04-01,72.0155
2005-05-01,71.9822
2005-06-01,71.8135
2005-07-01,72.2476
2005-08-01,73.0809
2005-09-01,74.2417
2005-10-01,75.3314
2005-11-01,75.5633
2005-12-01,75.9903
2006-01-01,76.1330
2006-02-01,76.7638
2006-03-01,76.9206
2006-04-01,77.1968
2006-05-01,77.9891
2006-06-01,78.6009
2006-07-01,78.5113
2006-08-01,79.4771
2006-09-01,80.2134
2006-10-01,79.7671
2006-11-01,79.4522
2006-12-01,78.9115
2007-01-01,78.2872
2007-02-01,78.1378
2007-03-01,79.3740
2007-04-01,80.2849
2007-05-01,77.7367
2007-06-01,73.9712
2007-07-01,72.6619
2007-08-01,72.3594
2007-09-01,73.1035
2007-10-01,75.0180
2007-11-01,77.0134
2007-12-01,78.7418
2008-01-01,79.2721
2008-02-01,81.3764
2008-03-01,83.5518
2008-04-01,84.7908
2008-05-01,85.8819
2008-06-01,86.4798
2008-07-01,85.4831
2008-08-01,85.0231
2008-09-01,84.0024
2008-10-01,80.9117
2008-11-01,76.5160
2008-12-01,72.3456
2009-01-01,71.3639
2009-02-01,72.2162
2009-03-01,73.5078
2009-04-01,74.3652
2009-05-01,74.8089
2009-06-01,74.8405
2009-07-01,75.2301
2009-08-01,75.0526
2009-09-01,75.6471
2009-10-01,76.1364
2009-11-01,76.9415
2009-12-01,77.0836
2010-01-01,79.3183
2010-02-01,81.6008
2010-03-01,83.2746
2010-04-01,84.0286
2010-05-01,84.4205
2010-06-01,84.1862
2010-07-01,84.7473
2010-08-01,85.0894
2010-09-01,84.9799
2010-10-01,84.6822
2010-11-01,85.4346
2010-12-01,86.8202
2011-01-01,86.9172
2011-02-01,85.8531
2011-03-01,83.8498
2011-04-01,82.1881
2011-05-01,81.0166
2011-06-01,79.9662
2011-07-01,78.2391
2011-08-01,78.2812
2011-09-01,76.6981
2011-10-01,74.8462
2011-11-01,73.9198
2011-12-01,73.4691
2012-01-01,73.2089
2012-02-01,73.7215
2012-03-01,73.4106
2012-04-01,73.2810
2012-05-01,73.3105
2012-06-01,73.3992
2012-07-01,72.6612
2012-08-01,71.2933
2012-09-01,71.3821
2012-10-01,71.9641
2012-11-01,71.0924
2012-12-01,70.6613
2013-01-01,70.6399
2013-02-01,69.6728
2013-03-01,69.4129
2013-04-01,69.6667
2013-05-01,69.5526
2013-06-01,69.4135
2013-07-01,69.8974
2013-08-01,69.8498
2013-09-01,69.5327
2013-10-01,69.6490
2013-11-01,69.5074
2013-12-01,68.9046
2014-01-01,68.4028
2014-02-01,69.1423
2014-03-01,69.8630
2014-04-01,70.1826
2014-05-01,71.1662
2014-06-01,71.5011
2014-07-01,71.5710
2014-08-01,71.8981
2014-09-01,72.0989
2014-10-01,72.2341
2014-11-01,72.7580
2014-12-01,72.7203
2015-01-01,72.6547
2015-02-01,72.9138
2015-03-01,72.9993
2015-04-01,73.6800
2015-05-01,73.5889
2015-06-01,73.6580
2015-07-01,73.1441
2015-08-01,72.4535
2015-09-01,72.1249
2015-10-01,72.0277
2015-11-01,70.2803
2015-12-01,70.5694
2016-01-01,70.5394
2016-02-01,70.1370
2016-03-01,69.7421
2016-04-01,69.2364
2016-05-01,69.0321
2016-06-01,68.4142
2016-07-01,68.4902
2016-08-01,68.5593
2016-09-01,69.5082
2016-10-01,70.4001
2016-11-01,70.6294
2016-12-01,70.4402
2017-01-01,69.9208
2017-02-01,69.7014
2017-03-01,70.2819
2017-04-01,72.2243
2017-05-01,72.7725
2017-06-01,73.0007
2017-07-01,72.6535
2017-08-01,73.0161
2017-09-01,73.9364
2017-10-01,75.1287
2017-11-01,75.8539
2017-12-01,77.0115
2018-01-01,77.4048
2018-02-01,76.6060
2018-03-01,75.9686
2018-04-01,76.0825
2018-05-01,76.0865
2018-06-01,76.7659
2018-07-01,77.0039
2018-08-01,77.0813
2018-09-01,75.9069
2018-10-01,75.0553
2018-11-01,73.6183
2018-12-01,73.1404
2019-01-01,73.5370
2019-02-01,73.5539
2019-03-01,73.4532
2019-04-01,72.7247
2019-05-01,72.3781
2019-06-01,72.4727
2019-07-01,72.5847
2019-08-01,73.0605
2019-09-01,71.9327
2019-10-01,71.3714
2019-11-01,72.3713
2019-12-01,73.2381
2020-01-01,72.8903
2020-02-01,72.1258
2020-03-01,72.7389
2020-04-01,70.5967
2020-05-01,69.6260
2020-06-01,70.4803
2020-07-01,71.6679
2020-08-01,72.0239
2020-09-01,73.7936
2020-10-01,75.9550
2020-11-01,77.0236
2020-12-01,77.6959
2021-01-01,77.9680
2021-02-01,78.1984
2021-03-01,79.0086
2021-04-01,80.7430
2021-05-01,81.8947
2021-06-01,80.8223
2021-07-01,79.0526
2021-08-01,79.1502
2021-09-01,79.6455
2021-10-01,81.1347
2021-11-01,82.8079
2021-12-01,84.0535
2022-01-01,84.4258
2022-02-01,86.2999
2022-03-01,86.6454
2022-04-01,86.1008
2022-05-01,86.7002
2022-06-01,88.0833
2022-07-01,88.1590
2022-08-01,88.1878
2022-09-01,87.8890
2022-10-01,86.1758
2022-11-01,85.1127
2022-12-01,82.4143
2023-01-01,80.8388
2023-02-01,81.0679
2023-03-01,80.1187
2023-04-01,80.4455
2023-05-01,79.6823
2023-06-01,78.7479
2023-07-01,78.3481
2023-08-01,77.2829
2023-09-01,76.2565
2023-10-01,76.5360
2023-11-01,76.5959
2023-12-01,76.1904
2024-01-01,75.4193
2024-02-01,74.1534
2024-03-01,73.7434
2024-04-01,75.2571
2024-05-01,75.1524
2024-06-01,74.5463
2024-07-01,74.3100
2024-08-01,75.9972
2024-09-01,75.0120
2024-10-01,75.0722
2024-11-01,74.1447
2024-12-01,74.4618
2025-01-01,76.4840
2025-02-01,76.3524
2025-03-01,75.3971
2025-04-01,75.1176
2025-05-01,74.7200
2025-06-01,73.0690
2025-07-01,74.5719
2025-08-01,72.5502
2025-09-01,70.7518
2025-10-01,71.2908
2025-11-01,70.8193
2025-12-01,70.3252
2026-01-01,71.8118
2026-02-01,70.9851
2026-03-01,71.1054
2026-04-01,71.9171
2026-05-01,72.5243
