observation_date,IPB51110N
1947-01-01,11.8401
1947-02-01,13.2866
1947-03-01,13.8759
1947-04-01,14.0366
1947-05-01,13.1794
1947-06-01,13.9295
1947-07-01,12.8580
1947-08-01,13.3937
1947-09-01,14.6795
1947-10-01,15.0010
1947-11-01,15.2957
1947-12-01,14.7331
1948-01-01,13.8759
1948-02-01,13.6348
1948-03-01,14.4117
1948-04-01,14.2242
1948-05-01,13.2330
1948-06-01,14.8938
1948-07-01,15.2689
1948-08-01,15.4564
1948-09-01,14.4920
1948-10-01,15.9921
1948-11-01,14.4920
1948-12-01,13.7152
1949-01-01,12.7776
1949-02-01,13.0187
1949-03-01,13.5009
1949-04-01,14.6795
1949-05-01,13.7420
1949-06-01,15.6707
1949-07-01,15.7510
1949-08-01,16.5547
1949-09-01,16.5011
1949-10-01,16.3404
1949-11-01,12.8312
1949-12-01,10.9025
1950-01-01,14.8135
1950-02-01,13.5813
1950-03-01,14.6527
1950-04-01,16.2600
1950-05-01,17.8672
1950-06-01,21.4300
1950-07-01,19.8495
1950-08-01,20.8407
1950-09-01,20.5728
1950-10-01,21.2157
1950-11-01,17.9208
1950-12-01,17.7601
1951-01-01,16.4207
1951-02-01,18.3226
1951-03-01,19.0995
1951-04-01,18.1619
1951-05-01,17.0904
1951-06-01,17.2244
1951-07-01,14.4117
1951-08-01,14.8135
1951-09-01,15.1081
1951-10-01,14.9206
1951-11-01,13.8491
1951-12-01,12.2955
1952-01-01,12.1615
1952-02-01,13.9563
1952-03-01,14.9742
1952-04-01,15.1617
1952-05-01,14.7063
1952-06-01,15.1885
1952-07-01,9.9649
1952-08-01,12.2419
1952-09-01,16.2064
1952-10-01,16.7154
1952-11-01,16.0993
1952-12-01,15.2689
1953-01-01,16.9565
1953-02-01,18.5637
1953-03-01,19.4477
1953-04-01,20.1174
1953-05-01,19.7424
1953-06-01,19.7960
1953-07-01,19.3406
1953-08-01,18.9655
1953-09-01,17.1708
1953-10-01,18.5637
1953-11-01,14.9474
1953-12-01,14.5456
1954-01-01,16.7154
1954-02-01,17.1172
1954-03-01,17.4387
1954-04-01,18.2691
1954-05-01,18.1887
1954-06-01,18.4030
1954-07-01,16.3672
1954-08-01,16.0725
1954-09-01,13.4473
1954-10-01,12.7508
1954-11-01,18.0280
1954-12-01,20.0638
1955-01-01,22.3140
1955-02-01,23.4391
1955-03-01,23.7873
1955-04-01,24.8052
1955-05-01,23.5730
1955-06-01,22.2604
1955-07-01,22.9569
1955-08-01,20.7603
1955-09-01,18.3762
1955-10-01,20.4121
1955-11-01,24.4570
1955-12-01,22.6890
1956-01-01,21.2425
1956-02-01,20.3317
1956-03-01,20.3317
1956-04-01,20.3853
1956-05-01,17.6530
1956-06-01,17.5994
1956-07-01,17.2779
1956-08-01,16.2332
1956-09-01,13.0455
1956-10-01,16.3404
1956-11-01,20.1710
1956-12-01,21.3764
1957-01-01,21.4568
1957-02-01,22.0461
1957-03-01,21.4568
1957-04-01,19.8227
1957-05-01,18.9655
1957-06-01,20.2781
1957-07-01,18.3226
1957-08-01,19.7156
1957-09-01,15.3224
1957-10-01,15.3492
1957-11-01,20.9746
1957-12-01,18.9120
1958-01-01,17.6530
1958-02-01,16.7958
1958-03-01,15.2689
1958-04-01,13.8759
1958-05-01,14.8135
1958-06-01,15.5635
1958-07-01,13.9027
1958-08-01,11.6793
1958-09-01,10.3132
1958-10-01,13.5009
1958-11-01,20.7871
1958-12-01,20.8675
1959-01-01,21.0550
1959-02-01,20.6532
1959-03-01,21.9390
1959-04-01,21.4032
1959-05-01,21.3764
1959-06-01,21.8050
1959-07-01,21.0817
1959-08-01,14.3581
1959-09-01,14.3581
1959-10-01,20.8139
1959-11-01,14.0099
1959-12-01,19.1263
1960-01-01,25.6624
1960-02-01,25.3410
1960-03-01,23.4926
1960-04-01,23.3855
1960-05-01,23.5998
1960-06-01,23.8409
1960-07-01,19.3138
1960-08-01,15.1617
1960-09-01,18.1083
1960-10-01,24.4838
1960-11-01,22.6086
1960-12-01,20.6264
1961-01-01,18.3226
1961-02-01,18.0012
1961-03-01,17.5458
1961-04-01,20.5460
1961-05-01,21.2693
1961-06-01,22.7962
1961-07-01,18.7780
1961-08-01,12.9651
1961-09-01,18.1083
1961-10-01,23.3587
1961-11-01,25.1267
1961-12-01,25.5285
1962-01-01,24.2695
1962-02-01,24.1623
1962-03-01,24.4570
1962-04-01,25.9571
1962-05-01,26.0107
1962-06-01,25.0731
1962-07-01,24.3766
1962-08-01,13.7420
1962-09-01,23.1712
1962-10-01,28.1001
1962-11-01,27.2429
1962-12-01,26.9214
1963-01-01,26.4928
1963-02-01,26.9214
1963-03-01,27.3232
1963-04-01,28.0197
1963-05-01,27.7786
1963-06-01,30.1627
1963-07-01,25.9303
1963-08-01,12.9651
1963-09-01,23.9748
1963-10-01,30.9931
1963-11-01,30.9663
1963-12-01,29.7877
1964-01-01,28.9573
1964-02-01,29.6805
1964-03-01,29.2787
1964-04-01,31.4485
1964-05-01,31.0467
1964-06-01,31.6896
1964-07-01,25.2606
1964-08-01,16.0189
1964-09-01,26.8946
1964-10-01,22.3408
1964-11-01,30.4842
1964-12-01,33.8862
1965-01-01,35.3327
1965-02-01,35.2791
1965-03-01,37.6900
1965-04-01,36.3506
1965-05-01,37.1810
1965-06-01,38.1186
1965-07-01,32.8950
1965-08-01,20.8942
1965-09-01,26.7071
1965-10-01,39.4312
1965-11-01,39.2437
1965-12-01,36.0292
1966-01-01,37.4221
1966-02-01,37.3686
1966-03-01,38.6008
1966-04-01,38.1454
1966-05-01,36.4310
1966-06-01,37.6096
1966-07-01,26.7071
1966-08-01,16.3672
1966-09-01,32.2789
1966-10-01,39.9937
1966-11-01,37.9043
1966-12-01,34.7434
1967-01-01,32.0379
1967-02-01,28.8951
1967-03-01,31.1637
1967-04-01,33.3414
1967-05-01,31.8648
1967-06-01,33.5099
1967-07-01,21.8069
1967-08-01,18.8273
1967-09-01,30.2923
1967-10-01,31.5490
1967-11-01,32.6103
1967-12-01,37.4400
1968-01-01,36.0599
1968-02-01,35.3732
1968-03-01,38.4618
1968-04-01,36.8265
1968-05-01,39.5195
1968-06-01,40.9645
1968-07-01,29.5335
1968-08-01,17.3622
1968-09-01,35.2605
1968-10-01,41.8660
1968-11-01,42.2103
1968-12-01,39.4809
1969-01-01,38.9863
1969-02-01,38.6776
1969-03-01,39.4260
1969-04-01,36.3489
1969-05-01,35.9093
1969-06-01,40.7712
1969-07-01,25.6581
1969-08-01,25.5449
1969-09-01,38.5564
1969-10-01,41.0137
1969-11-01,38.3516
1969-12-01,35.6022
1970-01-01,33.6575
1970-02-01,32.9957
1970-03-01,34.3136
1970-04-01,33.9034
1970-05-01,36.2498
1970-06-01,38.6939
1970-07-01,25.7954
1970-08-01,21.6440
1970-09-01,28.1725
1970-10-01,23.9550
1970-11-01,23.7753
1970-12-01,32.7640
1971-01-01,38.3968
1971-02-01,41.7314
1971-03-01,41.7753
1971-04-01,39.6235
1971-05-01,41.7484
1971-06-01,42.5180
1971-07-01,28.7704
1971-08-01,31.2748
1971-09-01,40.9847
1971-10-01,44.1642
1971-11-01,41.4145
1971-12-01,34.0158
1972-01-01,40.6474
1972-02-01,42.1425
1972-03-01,42.2718
1972-04-01,45.5829
1972-05-01,43.6538
1972-06-01,44.0560
1972-07-01,31.5605
1972-08-01,35.0157
1972-09-01,43.4909
1972-10-01,47.0382
1972-11-01,45.6954
1972-12-01,41.6537
1973-01-01,46.3495
1973-02-01,50.0189
1973-03-01,50.5534
1973-04-01,49.2803
1973-05-01,48.6808
1973-06-01,50.4875
1973-07-01,41.4768
1973-08-01,34.7943
1973-09-01,45.4279
1973-10-01,48.6539
1973-11-01,46.6021
1973-12-01,36.5254
1974-01-01,38.6649
1974-02-01,39.9161
1974-03-01,40.4383
1974-04-01,41.7519
1974-05-01,41.7335
1974-06-01,43.9281
1974-07-01,36.4211
1974-08-01,35.5461
1974-09-01,42.4723
1974-10-01,45.1932
1974-11-01,39.0064
1974-12-01,30.7363
1975-01-01,32.2128
1975-02-01,32.8972
1975-03-01,35.5594
1975-04-01,38.6836
1975-05-01,39.3210
1975-06-01,41.5039
1975-07-01,35.4977
1975-08-01,37.2353
1975-09-01,41.3403
1975-10-01,42.5851
1975-11-01,40.6246
1975-12-01,36.8426
1976-01-01,40.3943
1976-02-01,44.5100
1976-03-01,45.8978
1976-04-01,45.7177
1976-05-01,45.0086
1976-06-01,46.4532
1976-07-01,36.2565
1976-08-01,36.8945
1976-09-01,42.0382
1976-10-01,45.4266
1976-11-01,45.5909
1976-12-01,43.0868
1977-01-01,46.2185
1977-02-01,48.8480
1977-03-01,52.8158
1977-04-01,52.4283
1977-05-01,51.7325
1977-06-01,54.5622
1977-07-01,45.4899
1977-08-01,41.1653
1977-09-01,48.5571
1977-10-01,52.9794
1977-11-01,48.4424
1977-12-01,43.8841
1978-01-01,44.3573
1978-02-01,48.3089
1978-03-01,51.2377
1978-04-01,55.2026
1978-05-01,51.9190
1978-06-01,51.9418
1978-07-01,43.1649
1978-08-01,41.1097
1978-09-01,48.7104
1978-10-01,53.1464
1978-11-01,50.1777
1978-12-01,44.4466
1979-01-01,47.1398
1979-02-01,49.8257
1979-03-01,51.8872
1979-04-01,46.4828
1979-05-01,49.5356
1979-06-01,48.0538
1979-07-01,38.7882
1979-08-01,34.1685
1979-09-01,41.8433
1979-10-01,43.6492
1979-11-01,38.9261
1979-12-01,34.2144
1980-01-01,34.3308
1980-02-01,37.4292
1980-03-01,37.6819
1980-04-01,34.4178
1980-05-01,31.6841
1980-06-01,32.4178
1980-07-01,28.6035
1980-08-01,28.2745
1980-09-01,33.5714
1980-10-01,36.4497
1980-11-01,35.3097
1980-12-01,31.2338
1981-01-01,31.8290
1981-02-01,34.0869
1981-03-01,36.2641
1981-04-01,36.6159
1981-05-01,37.8752
1981-06-01,38.2929
1981-07-01,33.3158
1981-08-01,32.8663
1981-09-01,33.8317
1981-10-01,35.8032
1981-11-01,32.8512
1981-12-01,29.7213
1982-01-01,30.1030
1982-02-01,32.2084
1982-03-01,34.3843
1982-04-01,35.2371
1982-05-01,35.8369
1982-06-01,37.0257
1982-07-01,33.1156
1982-08-01,31.8200
1982-09-01,33.6322
1982-10-01,34.0096
1982-11-01,32.2864
1982-12-01,30.9786
1983-01-01,34.2868
1983-02-01,36.6978
1983-03-01,37.8527
1983-04-01,38.6029
1983-05-01,39.2161
1983-06-01,41.0432
1983-07-01,35.6394
1983-08-01,36.8380
1983-09-01,41.0948
1983-10-01,44.2824
1983-11-01,41.4265
1983-12-01,39.5128
1984-01-01,43.4751
1984-02-01,45.4594
1984-03-01,47.5193
1984-04-01,45.8001
1984-05-01,44.6467
1984-06-01,45.9128
1984-07-01,38.9376
1984-08-01,40.2298
1984-09-01,42.2174
1984-10-01,43.7244
1984-11-01,43.0019
1984-12-01,39.7640
1985-01-01,43.6127
1985-02-01,44.4999
1985-03-01,45.8720
1985-04-01,44.8259
1985-05-01,44.1515
1985-06-01,44.8818
1985-07-01,38.1810
1985-08-01,39.7277
1985-09-01,42.9753
1985-10-01,44.6333
1985-11-01,43.6023
1985-12-01,38.9400
1986-01-01,45.0083
1986-02-01,47.4348
1986-03-01,45.9401
1986-04-01,48.1448
1986-05-01,46.7660
1986-06-01,49.0376
1986-07-01,40.1288
1986-08-01,42.4980
1986-09-01,47.9006
1986-10-01,49.5204
1986-11-01,47.4640
1986-12-01,43.7745
1987-01-01,48.1584
1987-02-01,53.6384
1987-03-01,54.1816
1987-04-01,51.2984
1987-05-01,51.5969
1987-06-01,51.3913
1987-07-01,39.6921
1987-08-01,44.8317
1987-09-01,49.9744
1987-10-01,54.4298
1987-11-01,50.6035
1987-12-01,44.3809
1988-01-01,48.1704
1988-02-01,51.5690
1988-03-01,53.5610
1988-04-01,53.2405
1988-05-01,54.9085
1988-06-01,56.2793
1988-07-01,41.2444
1988-08-01,46.5818
1988-09-01,53.0713
1988-10-01,56.7406
1988-11-01,54.0377
1988-12-01,50.2420
1989-01-01,55.6296
1989-02-01,59.0546
1989-03-01,56.0820
1989-04-01,60.8371
1989-05-01,56.8813
1989-06-01,55.9500
1989-07-01,38.2875
1989-08-01,50.4798
1989-09-01,53.4384
1989-10-01,54.0526
1989-11-01,51.0868
1989-12-01,47.2444
1990-01-01,42.0933
1990-02-01,53.1096
1990-03-01,57.3658
1990-04-01,53.7457
1990-05-01,55.9228
1990-06-01,58.7113
1990-07-01,43.5124
1990-08-01,48.9132
1990-09-01,53.3209
1990-10-01,53.3603
1990-11-01,43.4469
1990-12-01,37.0817
1991-01-01,41.3197
1991-02-01,42.8599
1991-03-01,43.0951
1991-04-01,46.2547
1991-05-01,47.7173
1991-06-01,50.3820
1991-07-01,38.2275
1991-08-01,44.8890
1991-09-01,50.3503
1991-10-01,53.3649
1991-11-01,48.4260
1991-12-01,41.3023
1992-01-01,42.9004
1992-02-01,50.7782
1992-03-01,53.6107
1992-04-01,52.7430
1992-05-01,56.1435
1992-06-01,55.0652
1992-07-01,42.7957
1992-08-01,52.9296
1992-09-01,53.4483
1992-10-01,58.7528
1992-11-01,54.6886
1992-12-01,51.1107
1993-01-01,55.1334
1993-02-01,59.7780
1993-03-01,61.6991
1993-04-01,59.7154
1993-05-01,60.7217
1993-06-01,60.3496
1993-07-01,43.8510
1993-08-01,54.6036
1993-09-01,57.1010
1993-10-01,63.0963
1993-11-01,59.1407
1993-12-01,54.0110
1994-01-01,60.5082
1994-02-01,65.7536
1994-03-01,66.2017
1994-04-01,64.1335
1994-05-01,64.8502
1994-06-01,65.9960
1994-07-01,46.6824
1994-08-01,63.6581
1994-09-01,64.5518
1994-10-01,68.8182
1994-11-01,63.6731
1994-12-01,59.6590
1995-01-01,62.3856
1995-02-01,69.2209
1995-03-01,70.5391
1995-04-01,66.9066
1995-05-01,65.9729
1995-06-01,68.5174
1995-07-01,47.4567
1995-08-01,63.7693
1995-09-01,67.6752
1995-10-01,68.5694
1995-11-01,63.7900
1995-12-01,59.6321
1996-01-01,60.2381
1996-02-01,68.7228
1996-03-01,64.5015
1996-04-01,69.0316
1996-05-01,68.8747
1996-06-01,72.2012
1996-07-01,51.9114
1996-08-01,67.0739
1996-09-01,70.0657
1996-10-01,70.2224
1996-11-01,67.4389
1996-12-01,59.6742
1997-01-01,67.3843
1997-02-01,75.4653
1997-03-01,73.6306
1997-04-01,74.7883
1997-05-01,73.1249
1997-06-01,74.5047
1997-07-01,54.1446
1997-08-01,73.6488
1997-09-01,76.0124
1997-10-01,80.0931
1997-11-01,77.4072
1997-12-01,68.5230
1998-01-01,70.8572
1998-02-01,79.8848
1998-03-01,82.0646
1998-04-01,79.4314
1998-05-01,81.0842
1998-06-01,70.8036
1998-07-01,52.5572
1998-08-01,82.1302
1998-09-01,84.0665
1998-10-01,90.1068
1998-11-01,81.9635
1998-12-01,76.6852
1999-01-01,82.0711
1999-02-01,91.7153
1999-03-01,93.8226
1999-04-01,90.5371
1999-05-01,93.8405
1999-06-01,93.7224
1999-07-01,67.0742
1999-08-01,94.0425
1999-09-01,92.0299
1999-10-01,97.1821
1999-11-01,87.6289
1999-12-01,79.2110
2000-01-01,87.9988
2000-02-01,92.8393
2000-03-01,94.2996
2000-04-01,89.9593
2000-05-01,89.1943
2000-06-01,91.0097
2000-07-01,64.2123
2000-08-01,85.2690
2000-09-01,86.0094
2000-10-01,86.9905
2000-11-01,77.7584
2000-12-01,71.0906
2001-01-01,73.2551
2001-02-01,80.5561
2001-03-01,86.7581
2001-04-01,82.6296
2001-05-01,87.1536
2001-06-01,87.4731
2001-07-01,64.5001
2001-08-01,84.8811
2001-09-01,84.2994
2001-10-01,85.6013
2001-11-01,81.9017
2001-12-01,75.4174
2002-01-01,82.3759
2002-02-01,91.0043
2002-03-01,91.4375
2002-04-01,94.4103
2002-05-01,93.9026
2002-06-01,97.2954
2002-07-01,69.6837
2002-08-01,93.9450
2002-09-01,95.8463
2002-10-01,97.6025
2002-11-01,89.2227
2002-12-01,77.2645
2003-01-01,91.1853
2003-02-01,98.8399
2003-03-01,102.3310
2003-04-01,95.6963
2003-05-01,97.4669
2003-06-01,98.5842
2003-07-01,72.6294
2003-08-01,97.4697
2003-09-01,102.8585
2003-10-01,103.7016
2003-11-01,95.5763
2003-12-01,85.5319
2004-01-01,90.0568
2004-02-01,103.2252
2004-03-01,105.1398
2004-04-01,98.6646
2004-05-01,96.4881
2004-06-01,95.9422
2004-07-01,69.1062
2004-08-01,93.9488
2004-09-01,93.7102
2004-10-01,97.5807
2004-11-01,86.3485
2004-12-01,80.5905
2005-01-01,87.9915
2005-02-01,98.7478
2005-03-01,93.3472
2005-04-01,95.6170
2005-05-01,90.9882
2005-06-01,95.0543
2005-07-01,66.6400
2005-08-01,92.5431
2005-09-01,95.6320
2005-10-01,98.2220
2005-11-01,85.3859
2005-12-01,80.6557
2006-01-01,87.1227
2006-02-01,92.7784
2006-03-01,97.6846
2006-04-01,91.1066
2006-05-01,91.8058
2006-06-01,95.3992
2006-07-01,65.5048
2006-08-01,90.4582
2006-09-01,89.1110
2006-10-01,89.0883
2006-11-01,82.5241
2006-12-01,80.3748
2007-01-01,82.1660
2007-02-01,94.7041
2007-03-01,98.4846
2007-04-01,95.1811
2007-05-01,95.7909
2007-06-01,100.9713
2007-07-01,72.3562
2007-08-01,94.7865
2007-09-01,92.6776
2007-10-01,94.1407
2007-11-01,88.1954
2007-12-01,78.5605
2008-01-01,82.8372
2008-02-01,91.8059
2008-03-01,85.7359
2008-04-01,83.9991
2008-05-01,79.3743
2008-06-01,84.1611
2008-07-01,63.1746
2008-08-01,72.8561
2008-09-01,74.5904
2008-10-01,73.4167
2008-11-01,64.3851
2008-12-01,56.6526
2009-01-01,45.5054
2009-02-01,55.0916
2009-03-01,58.3888
2009-04-01,56.0888
2009-05-01,52.1150
2009-06-01,53.2868
2009-07-01,51.5412
2009-08-01,66.5126
2009-09-01,71.8774
2009-10-01,72.2744
2009-11-01,69.1196
2009-12-01,61.4742
2010-01-01,67.3891
2010-02-01,72.3865
2010-03-01,75.2919
2010-04-01,71.3748
2010-05-01,75.8080
2010-06-01,77.1886
2010-07-01,62.8714
2010-08-01,76.7825
2010-09-01,76.8017
2010-10-01,79.9598
2010-11-01,70.9247
2010-12-01,63.5439
2011-01-01,72.3053
2011-02-01,80.6203
2011-03-01,85.2623
2011-04-01,75.8362
2011-05-01,77.1481
2011-06-01,79.1312
2011-07-01,64.4443
2011-08-01,81.0602
2011-09-01,80.3317
2011-10-01,86.8932
2011-11-01,78.0230
2011-12-01,73.5663
2012-01-01,81.8725
2012-02-01,88.0886
2012-03-01,89.8565
2012-04-01,85.5952
2012-05-01,83.4942
2012-06-01,86.5063
2012-07-01,67.6777
2012-08-01,81.3709
2012-09-01,79.8829
2012-10-01,84.5875
2012-11-01,78.7497
2012-12-01,72.2883
2013-01-01,79.4338
2013-02-01,89.3651
2013-03-01,91.6501
2013-04-01,91.6681
2013-05-01,89.4920
2013-06-01,93.8730
2013-07-01,71.1113
2013-08-01,91.1582
2013-09-01,92.0954
2013-10-01,95.4998
2013-11-01,90.3013
2013-12-01,77.1150
2014-01-01,84.7016
2014-02-01,98.8927
2014-03-01,102.9215
2014-04-01,96.0329
2014-05-01,97.6484
2014-06-01,101.5920
2014-07-01,83.6729
2014-08-01,98.7452
2014-09-01,96.8498
2014-10-01,99.5951
2014-11-01,94.9714
2014-12-01,85.9480
2015-01-01,91.4079
2015-02-01,99.5010
2015-03-01,108.3063
2015-04-01,104.1965
2015-05-01,105.2387
2015-06-01,103.1266
2015-07-01,88.9969
2015-08-01,104.3925
2015-09-01,101.9721
2015-10-01,106.6409
2015-11-01,97.6831
2015-12-01,86.3193
2016-01-01,96.3934
2016-02-01,106.9895
2016-03-01,103.8308
2016-04-01,108.5513
2016-05-01,100.4417
2016-06-01,107.9911
2016-07-01,86.4165
2016-08-01,105.4543
2016-09-01,104.5840
2016-10-01,109.2898
2016-11-01,98.3005
2016-12-01,91.6590
2017-01-01,96.7408
2017-02-01,107.5416
2017-03-01,107.6958
2017-04-01,103.8625
2017-05-01,102.8825
2017-06-01,104.0668
2017-07-01,81.4241
2017-08-01,99.7530
2017-09-01,100.2612
2017-10-01,106.4574
2017-11-01,98.6459
2017-12-01,90.6684
2018-01-01,96.9516
2018-02-01,110.0979
2018-03-01,112.5710
2018-04-01,111.1880
2018-05-01,100.9694
2018-06-01,108.8560
2018-07-01,86.1605
2018-08-01,107.1692
2018-09-01,107.3170
2018-10-01,109.9689
2018-11-01,101.4894
2018-12-01,93.5772
2019-01-01,94.5908
2019-02-01,107.1846
2019-03-01,108.8516
2019-04-01,101.6607
2019-05-01,101.8392
2019-06-01,108.3188
2019-07-01,87.8026
2019-08-01,106.9206
2019-09-01,101.7398
2019-10-01,100.6316
2019-11-01,105.6517
2019-12-01,89.8660
2020-01-01,100.5699
2020-02-01,116.8531
2020-03-01,86.8589
2020-04-01,30.9564
2020-05-01,47.2243
2020-06-01,94.0825
2020-07-01,99.5939
2020-08-01,117.5889
2020-09-01,112.3669
2020-10-01,116.8025
2020-11-01,108.7142
2020-12-01,99.3408
2021-01-01,107.7529
2021-02-01,109.3654
2021-03-01,113.6590
2021-04-01,100.8567
2021-05-01,101.8052
2021-06-01,103.9955
2021-07-01,91.4649
2021-08-01,105.5766
2021-09-01,96.6441
2021-10-01,110.5454
2021-11-01,106.1056
2021-12-01,93.8394
2022-01-01,106.3308
2022-02-01,111.8121
2022-03-01,121.4902
2022-04-01,114.5586
2022-05-01,112.7341
2022-06-01,115.2106
2022-07-01,98.4516
2022-08-01,117.3528
2022-09-01,113.1954
2022-10-01,120.8160
2022-11-01,106.8631
2022-12-01,97.1423
2023-01-01,104.5847
2023-02-01,115.4727
2023-03-01,116.2897
2023-04-01,113.8329
2023-05-01,113.8997
2023-06-01,111.8569
2023-07-01,96.4297
2023-08-01,113.4353
2023-09-01,111.1388
2023-10-01,108.6435
2023-11-01,108.1258
2023-12-01,99.9396
2024-01-01,99.8649
2024-02-01,115.3307
2024-03-01,117.4769
2024-04-01,113.4576
2024-05-01,110.0735
2024-06-01,111.8271
2024-07-01,88.7723
2024-08-01,112.3626
2024-09-01,108.9719
2024-10-01,109.7174
2024-11-01,103.6133
2024-12-01,85.4760
2025-01-01,91.9263
2025-02-01,109.4856
2025-03-01,112.4441
2025-04-01,104.5002
2025-05-01,106.0077
2025-06-01,105.0794
2025-07-01,92.2228
2025-08-01,109.9337
2025-09-01,105.2394
2025-10-01,103.1883
2025-11-01,96.0691
2025-12-01,84.9206
2026-01-01,89.9082
2026-02-01,104.2063
2026-03-01,106.4013
2026-04-01,99.5534
2026-05-01,100.5916
